<?xml version="1.0" encoding="UTF-8"?>
<project-private xmlns="http://www.netbeans.org/ns/project-private/1">
    <editor-bookmarks xmlns="http://www.netbeans.org/ns/editor-bookmarks/2" lastBookmarkId="0"/>
    <open-files xmlns="http://www.netbeans.org/ns/projectui-open-files/2">
        <group name="NetBeansProjects">
            <file>file:/C:/Users/alpe/OneDrive/Certificados%20de%20Profesionalidad/IFCD0111%20-%20Programación%20en%20Lenguajes%20Estructurados/practicasNetbeans/GraficosBuena/src/Ventana.java</file>
        </group>
        <group>
            <file>file:/C:/Users/Programacion/Desktop/GraficosBuena/src/Ventana.java</file>
            <file>file:/C:/Users/Programacion/Desktop/GraficosBuena/src/tableroConectados.java</file>
        </group>
    </open-files>
</project-private>
