<?xml version="1.0" encoding="UTF-8"?>
<project-private xmlns="http://www.netbeans.org/ns/project-private/1">
    <editor-bookmarks xmlns="http://www.netbeans.org/ns/editor-bookmarks/2" lastBookmarkId="0"/>
    <open-files xmlns="http://www.netbeans.org/ns/projectui-open-files/2">
        <group>
            <file>file:/C:/Users/Programacion/Desktop/appGrafica/src/appgrafica/Ahorca2.java</file>
            <file>file:/C:/Users/Programacion/Desktop/appGrafica/src/appgrafica/memoria.java</file>
            <file>file:/C:/Users/Programacion/Desktop/appGrafica/src/appgrafica/formularioPrueba2.java</file>
            <file>file:/C:/Users/Programacion/Desktop/appGrafica/src/appgrafica/AppGrafica.java</file>
            <file>file:/C:/Users/Programacion/Desktop/appGrafica/src/appgrafica/generaNumeros.java</file>
            <file>file:/C:/Users/Programacion/Desktop/appGrafica/src/appgrafica/encuesta.java</file>
        </group>
    </open-files>
</project-private>
