--
-- Script was generated by Devart dbForge Studio 2019 for MySQL, Version 8.2.23.0
-- Product home page: http://www.devart.com/dbforge/mysql/studio
-- Script date 26/01/2021 11:55:33
-- Server version: 5.7.30-log
-- Client version: 4.1
--

-- 
-- Disable foreign keys
-- 
/*!40014 SET @OLD_FOREIGN_KEY_CHECKS=@@FOREIGN_KEY_CHECKS, FOREIGN_KEY_CHECKS=0 */;

-- 
-- Set SQL mode
-- 
/*!40101 SET @OLD_SQL_MODE=@@SQL_MODE, SQL_MODE='NO_AUTO_VALUE_ON_ZERO' */;

-- 
-- Set character set the client will use to send SQL statements to the server
--
SET NAMES 'utf8';

DROP DATABASE IF EXISTS compañias;

CREATE DATABASE IF NOT EXISTS compañias
CHARACTER SET latin1
COLLATE latin1_swedish_ci;

--
-- Set default database
--
USE compañias;

--
-- Create table `trabaja`
--
CREATE TABLE IF NOT EXISTS trabaja (
  persona varchar(30) NOT NULL,
  compañia varchar(30) DEFAULT NULL,
  salario int(11) DEFAULT NULL,
  PRIMARY KEY (persona)
)
ENGINE = INNODB,
AVG_ROW_LENGTH = 1638,
CHARACTER SET latin1,
COLLATE latin1_swedish_ci;

--
-- Create table `supervisa`
--
CREATE TABLE IF NOT EXISTS supervisa (
  supervisor varchar(30) NOT NULL,
  persona varchar(30) NOT NULL,
  PRIMARY KEY (supervisor, persona)
)
ENGINE = INNODB,
AVG_ROW_LENGTH = 2340,
CHARACTER SET latin1,
COLLATE latin1_swedish_ci;

--
-- Create table `persona`
--
CREATE TABLE IF NOT EXISTS persona (
  nombre varchar(30) NOT NULL,
  calle varchar(30) DEFAULT NULL,
  ciudad varchar(30) DEFAULT NULL,
  PRIMARY KEY (nombre)
)
ENGINE = INNODB,
AVG_ROW_LENGTH = 1489,
CHARACTER SET latin1,
COLLATE latin1_swedish_ci;

--
-- Create table `compañia`
--
CREATE TABLE IF NOT EXISTS compañia (
  nombre varchar(30) NOT NULL,
  ciudad varchar(30) DEFAULT NULL,
  PRIMARY KEY (nombre)
)
ENGINE = INNODB,
AVG_ROW_LENGTH = 5461,
CHARACTER SET latin1,
COLLATE latin1_swedish_ci;

--
-- Create table `ciudad`
--
CREATE TABLE IF NOT EXISTS ciudad (
  nombre varchar(30) NOT NULL,
  población int(11) DEFAULT NULL,
  PRIMARY KEY (nombre)
)
ENGINE = INNODB,
AVG_ROW_LENGTH = 3276,
CHARACTER SET latin1,
COLLATE latin1_swedish_ci;

-- 
-- Dumping data for table trabaja
--
INSERT INTO trabaja VALUES
('Ana', 'FAGOR', 18000),
('Antonio', 'NESTLE', 15000),
('Blas', 'NESTLE', 25000),
('Eva', 'INDRA', 30000),
('Jose', 'FAGOR', 50000),
('Juan', 'INDRA', 40000),
('Marga', 'NESTLE', 50000),
('Maria', 'FAGOR', 40000),
('Paco', 'NESTLE', 25000),
('Wendy', 'INDRA', 50000);

-- 
-- Dumping data for table supervisa
--
INSERT INTO supervisa VALUES
('Blas', 'Antonio'),
('Jose', 'Maria'),
('Marga', 'Blas'),
('Marga', 'Paco'),
('Maria', 'Ana'),
('Wendy', 'Eva'),
('Wendy', 'Juan');

-- 
-- Dumping data for table persona
--
INSERT INTO persona VALUES
('Ana', 'Calle5', 'AB'),
('Antonio', 'Calle7', 'CU'),
('Blas', 'Calle6', 'AB'),
('Casimiro', 'Calle11', 'CR'),
('Eva', 'Calle2', 'CR'),
('Jose', 'Calle3', 'TO'),
('Juan', 'Calle1', 'CR'),
('Marga', 'Calle9', 'GU'),
('Maria', 'Calle4', 'TO'),
('Paco', 'Calle9', 'GU'),
('Wendy', 'Calle8', 'CU');

-- 
-- Dumping data for table compañia
--
INSERT INTO compañia VALUES
('FAGOR', 'TO'),
('INDRA', 'CR'),
('NESTLE', 'AB');

-- 
-- Dumping data for table ciudad
--
INSERT INTO ciudad VALUES
('AB', 70000),
('CR', 60000),
('CU', 50000),
('GU', 75000),
('TO', 80000);

-- 
-- Restore previous SQL mode
-- 
/*!40101 SET SQL_MODE=@OLD_SQL_MODE */;

-- 
-- Enable foreign keys
-- 
/*!40014 SET FOREIGN_KEY_CHECKS = @OLD_FOREIGN_KEY_CHECKS */;